{
  "study_id": "004938000152_PRJ1234515",
  "timestamp": "2025-07-23T11:31:13.301099",
  "config": {
    "min_sample_size": 5,
    "include_extrapolation": true
  },
  "summary_statistics": {
    "total_elements": 1,
    "successful_analyses": 1,
    "failed_analyses": 0,
    "element_types": {
      "dimension": 1
    },
    "normality": {
      "normal_distributions": 1,
      "non_normal_distributions": 0,
      "normality_percentage": 100.0
    },
    "capability_indices": {
      "cp": {
        "mean": 1.8128571428571543,
        "min": 1.8128571428571543,
        "max": 1.8128571428571543,
        "acceptable_count": 1
      },
      "cpk": {
        "mean": 1.794728571428582,
        "min": 1.794728571428582,
        "max": 1.794728571428582,
        "acceptable_count": 1
      },
      "pp": {
        "mean": 1.7434201093860224,
        "min": 1.7434201093860224,
        "max": 1.7434201093860224
      },
      "ppk": {
        "mean": 1.7259859082921616,
        "min": 1.7259859082921616,
        "max": 1.7259859082921616
      }
    }
  },
  "detailed_results": [
    {
      "element_name": "200",
      "batch_number": "1234351",
      "cavity": "2",
      "nominal": 6.0,
      "tolerance": [
        -0.3,
        0.3
      ],
      "original_values": [
        6.01,
        5.94,
        6.02,
        5.94,
        5.99,
        6.09,
        6.1,
        6.02,
        5.95,
        5.97
      ],
      "element_type": "dimension",
      "statistics": {
        "mean": 6.003,
        "std_short": 0.055161544523246266,
        "std_long": 0.05735852159879972,
        "is_normal": "True",
        "ad_statistic": 0.39413030930018955,
        "p_value": 0.3741303546407462,
        "sample_size": 10
      },
      "capability": {
        "cp": 1.8128571428571543,
        "cpk": 1.794728571428582,
        "pp": 1.7434201093860224,
        "ppk": 1.7259859082921616,
        "ppm_short": 0.05614960542210286,
        "ppm_long": 0.17585855043869328
      }
    }
  ],
  "extrapolation_results": [
    {
      "element_name": "200",
      "extrapolated_values": [
        6.01,
        5.94,
        6.02,
        5.94,
        5.99,
        6.09,
        6.1,
        6.02,
        5.95,
        5.97,
        5.976566457588999,
        5.974614333420138,
        6.014323471384475,
        5.943367914740364,
        6.071841268625672,
        6.025140884839838,
        6.002811515526502,
        6.060573618265163,
        6.017990257734425,
        6.010889294393617,
        5.9272333362886975,
        5.931351751664687,
        6.041572005678393,
        6.006386450671111,
        5.844368040695145,
        5.97386705207534,
        6.021771614121611,
        6.017872770270091,
        5.986703963132463,
        6.050637774792978,
        5.972917205846544,
        6.017427957218365,
        6.097210789166934,
        6.020384118570348,
        5.964963521028325,
        6.062876689512146,
        5.983949400419579,
        5.995506364773911,
        6.0641914984832885,
        5.938940473940407,
        5.983700385037206,
        5.983344745069333,
        5.959287750460069,
        5.951923133187223,
        6.011317808341089,
        5.9510875865619495,
        6.009922283496705,
        6.028634198433635,
        5.960494686635956,
        6.026911112705221,
        6.083826640191729,
        6.014299337468014,
        6.014158519962978,
        5.937031448376723,
        6.024405098202724,
        6.079977860402299,
        5.978623954496518,
        5.889028324462628,
        6.013263565805897,
        6.01899762507923,
        5.871958093488692,
        6.029224239641698,
        6.0310631925345115,
        6.069984336680444,
        5.960317851491543,
        5.960973109984369,
        6.012426002613271,
        6.120835296874974,
        6.090109911424494,
        6.00801013067431,
        5.9778546018096455,
        5.994490239833147,
        6.030853971184978,
        6.078708668834134,
        5.939106593919046,
        6.122458724408783,
        6.066751663378812,
        5.894741133041179,
        6.02351411019601,
        6.027955215395499,
        6.146404350848026,
        5.981911393595845,
        5.903432456015145,
        5.960898907053783,
        5.934206522669731,
        5.980125371815988,
        6.027013763149049,
        5.992614551198398,
        5.946570075079338,
        5.933439232569904,
        5.947948161071115,
        6.011781089774124,
        5.979391751581414,
        6.042034579955541,
        5.992464777988252,
        6.015948612518745,
        6.0620337150294725,
        5.910481279819252,
        6.023268695558793,
        5.9376393770920535
      ],
      "ad_statistic": 0.6318356993129314,
      "p_value": 0.09965664180146062,
      "was_extrapolated": true
    }
  ]
}