Element,Batch,Cavity,Nominal,Tolerance,Original_Values,Element_Type,Mean,Std_Short,Std_Long,Is_Normal,AD_Statistic,P_Value,Sample_Size,CP,CPK,PP,PPK,PPM_Short,PPM_Long
N95,PRJ1234567,1,0.0,"[0.0, 0.6]","[0.325, 0.258, 0.247, 0.298, 0.267, 0.278, 0.288, 0.264, 0.289, 0.315]",dimension,0.2829,0.02521670606776989,0.025026430473046337,True,0.17543099137054874,0.9241070387620258,10,3.9656250000000015,3.739584375000001,3.9957755904383085,3.7680163817833248,1.649443918175737e-23,6.2652054050693876e-24
