Element,Batch,Cavity,Nominal,Tolerance,Original_Values,Element_Type,Mean,Std_Short,Std_Long,Is_Normal,AD_Statistic,P_Value,Sample_Size,CP,CPK,PP,PPK,PPM_Short,PPM_Long
N5.1,PRJ1234567,1,0.0,"[0.0, 0.5]","[0.25, 0.26, 0.25, 0.245, 0.255, 0.265, 0.271, 0.248, 0.29, 0.284]",dimension,0.2618,0.012017336485421599,0.01557633532709867,True,0.4453901189586347,0.2831217751084727,10,6.934426229508192,6.607121311475406,5.349996105204256,5.097476289038616,1.6029456215417942e-99,1.074391267063577e-57
N5.2,PRJ1234567,1,0.0,"[0.0, 0.5]","[0.29, 0.28, 0.275, 0.289, 0.298, 0.302, 0.284, 0.275, 0.276, 0.266]",dimension,0.2835,0.007880220646178085,0.0112768198826915,True,0.22665421520780704,0.816813245476506,10,10.57500000000001,9.15795000000001,7.389790224568498,6.39955833447632,9.874109261428388e-278,9.074495107844568e-134
N5.1,PRJ1234567,2,0.0,"[0.0, 0.5]","[0.32, 0.321, 0.351, 0.341, 0.332, 0.298, 0.326, 0.311, 0.315, 0.319]",dimension,0.32339999999999997,0.013297872340425534,0.015123197780598889,True,0.2158427706445316,0.846367274383879,10,6.266666666666667,4.426773333333334,5.510298452899905,3.8924748271284937,6.069774275658891e-125,9.340373364620075e-96
N5.2,PRJ1234567,2,0.0,"[0.0, 0.5]","[0.41, 0.39, 0.387, 0.391, 0.401, 0.406, 0.398, 0.389, 0.388, 0.392]",dimension,0.3952,0.006304176516942476,0.008093893445747298,True,0.5544521862758813,0.15273716996360492,10,13.218749999999998,5.5413,10.295827822778964,4.316011023308942,0.0,0.0
