{
  "study_id": "A027Y915_PRJ1234567",
  "timestamp": "2025-08-05T13:45:11.838673",
  "config": {
    "min_sample_size": 5,
    "include_extrapolation": true
  },
  "summary_statistics": {
    "total_elements": 1,
    "successful_analyses": 1,
    "failed_analyses": 0,
    "element_types": {
      "dimension": 1
    },
    "normality": {
      "normal_distributions": 1,
      "non_normal_distributions": 0,
      "normality_percentage": 100.0
    },
    "capability_indices": {
      "cp": {
        "mean": 3.9656250000000015,
        "min": 3.9656250000000015,
        "max": 3.9656250000000015,
        "acceptable_count": 1
      },
      "cpk": {
        "mean": 3.739584375000001,
        "min": 3.739584375000001,
        "max": 3.739584375000001,
        "acceptable_count": 1
      },
      "pp": {
        "mean": 3.9957755904383085,
        "min": 3.9957755904383085,
        "max": 3.9957755904383085
      },
      "ppk": {
        "mean": 3.7680163817833248,
        "min": 3.7680163817833248,
        "max": 3.7680163817833248
      }
    }
  },
  "detailed_results": [
    {
      "element_name": "N95",
      "batch_number": "PRJ1234567",
      "cavity": "1",
      "nominal": 0.0,
      "tolerance": [
        0.0,
        0.6
      ],
      "original_values": [
        0.325,
        0.258,
        0.247,
        0.298,
        0.267,
        0.278,
        0.288,
        0.264,
        0.289,
        0.315
      ],
      "element_type": "dimension",
      "statistics": {
        "mean": 0.2829,
        "std_short": 0.02521670606776989,
        "std_long": 0.025026430473046337,
        "is_normal": "True",
        "ad_statistic": 0.17543099137054874,
        "p_value": 0.9241070387620258,
        "sample_size": 10
      },
      "capability": {
        "cp": 3.9656250000000015,
        "cpk": 3.739584375000001,
        "pp": 3.9957755904383085,
        "ppk": 3.7680163817833248,
        "ppm_short": 1.649443918175737e-23,
        "ppm_long": 6.2652054050693876e-24
      }
    }
  ],
  "extrapolation_results": [
    {
      "element_name": "N95",
      "extrapolated_values": [
        0.325,
        0.258,
        0.247,
        0.298,
        0.267,
        0.278,
        0.288,
        0.264,
        0.289,
        0.315,
        0.2528315178533924,
        0.29500763727978696,
        0.29198388408007264,
        0.2973906692614072,
        0.2912073799309132,
        0.25332196922992306,
        0.27675323793624357,
        0.28200219148409295,
        0.2655456761402156,
        0.25314668461803463,
        0.31003050461225923,
        0.32720928752607087,
        0.30973912229162426,
        0.2977104911110212,
        0.26734611260187313,
        0.2956445566046672,
        0.2876563746703862,
        0.2848704590062795,
        0.26241928391864855,
        0.2951764950566905,
        0.2398844906450423,
        0.28292217531812097,
        0.2692840822176717,
        0.2699670992299158,
        0.30433137296772467,
        0.26923592121023543,
        0.3010741618423576,
        0.2325253155730787,
        0.24723581630048014,
        0.29956086319053576,
        0.26807813370788675,
        0.3341061461046921,
        0.26276125716121107,
        0.27900947232468837,
        0.2971998769088789,
        0.27824559235643964,
        0.3232209071170901,
        0.2628488440745458,
        0.2643487346981395,
        0.3039165205185157,
        0.2471458524560841,
        0.25956593390392063,
        0.2951010108504046,
        0.267032013867046,
        0.24017005710385989,
        0.3077564433876166,
        0.3277706871159454,
        0.2732584513364049,
        0.2448071950831548,
        0.2652925019673457,
        0.27781632884248925,
        0.29118149878635696,
        0.2587728297279304,
        0.25486879177957233,
        0.2678437220919194,
        0.3020082009080416,
        0.30478681228898624,
        0.3208084668557251,
        0.3037302604672276,
        0.2570495720853906,
        0.27485511313218647,
        0.3063933327604865,
        0.26499736435665655,
        0.24267082870853773,
        0.2785402080760572,
        0.29473581310006935,
        0.2791754222513099,
        0.27955545809876176,
        0.28890296682390226,
        0.30918731381591846,
        0.34089322881765666,
        0.24519955178923497,
        0.26886813971501267,
        0.22261075824814996,
        0.28333543560116636,
        0.28249866100024523,
        0.28972486213090887,
        0.25960848506304396,
        0.27536124254699357,
        0.2803634775413486,
        0.3241871049766937,
        0.30974313232002465,
        0.29710520562519327,
        0.2741592084672392,
        0.2705603761541794,
        0.27282588226137083,
        0.26344172805468674,
        0.2912597871018822,
        0.2716463819626327,
        0.260101941615512
      ],
      "ad_statistic": 0.737459675135637,
      "p_value": 0.054675381470858556,
      "was_extrapolated": true
    }
  ]
}